ID,Group,Test type,Scenario,Result
A01,v1.5.2 new additions/fixes,API/D1 business simulation,huang authenticates as OWNER,PASS
A02,v1.5.2 new additions/fixes,API/D1 business simulation,OWNER can load daily report,PASS
A03,v1.5.2 new additions/fixes,API/D1 business simulation,cashier is blocked from daily report,PASS
A04,v1.5.2 new additions/fixes,API/D1 business simulation,OWNER can load analytics report,PASS
A05,v1.5.2 new additions/fixes,API/D1 business simulation,manager is blocked from analytics report,PASS
A06,v1.5.2 new additions/fixes,API/D1 business simulation,OWNER can read store/bank configuration,PASS
A07,v1.5.2 new additions/fixes,API/D1 business simulation,non-owner cannot read store/bank configuration,PASS
A08,v1.5.2 new additions/fixes,API/D1 business simulation,store update rejects tableCount 0,PASS
A09,v1.5.2 new additions/fixes,API/D1 business simulation,store update detects stale version,PASS
A10,v1.5.2 new additions/fixes,API/D1 business simulation,OWNER can list roles,PASS
A11,v1.5.2 new additions/fixes,API/D1 business simulation,cashier cannot list roles,PASS
A12,v1.5.2 new additions/fixes,API/D1 business simulation,OWNER can list staff accounts,PASS
A13,v1.5.2 new additions/fixes,API/D1 business simulation,manager cannot list staff accounts,PASS
A14,v1.5.2 new additions/fixes,API/D1 business simulation,OWNER can list voucher administration,PASS
A15,v1.5.2 new additions/fixes,API/D1 business simulation,manager cannot access voucher administration,PASS
A16,v1.5.2 new additions/fixes,API/D1 business simulation,OWNER can create a CASHIER account,PASS
A17,v1.5.2 new additions/fixes,API/D1 business simulation,OWNER cannot create second OWNER account through staff API,PASS
A18,v1.5.2 new additions/fixes,API/D1 business simulation,OWNER system role is protected from role edits,PASS
A19,v1.5.2 new additions/fixes,Source/UI/native contract,staff handheld navigation includes Owner daily report entry,PASS
A20,v1.5.2 new additions/fixes,Source/UI/native contract,staff handheld navigation includes Owner store management entry,PASS
A21,v1.5.2 new additions/fixes,Source/UI/native contract,staff handheld navigation includes Owner account and permissions entry,PASS
A22,v1.5.2 new additions/fixes,Source/UI/native contract,owner admin settings label is rendered on handheld,PASS
A23,v1.5.2 new additions/fixes,Source/UI/native contract,CSV daily report action exists,PASS
A24,v1.5.2 new additions/fixes,Source/UI/native contract,SUNMI daily report print action is owner-gated,PASS
A25,v1.5.2 new additions/fixes,Source/UI/native contract,SUNMI daily report print requires native bridge,PASS
A26,v1.5.2 new additions/fixes,Source/UI/native contract,hardware settings actions re-fetch current staff identity,PASS
A27,v1.5.2 new additions/fixes,Source/UI/native contract,hardware settings actions enforce OWNER at UI layer,PASS
A28,v1.5.2 new additions/fixes,Source/UI/native contract,hardware settings actions enforce APK/native environment,PASS
A29,v1.5.2 new additions/fixes,Source/UI/native contract,kitchen configuration action calls native.openKitchenSettings,PASS
A30,v1.5.2 new additions/fixes,Source/UI/native contract,kitchen jobs action calls native.openKitchenJobs,PASS
A31,v1.5.2 new additions/fixes,Source/UI/native contract,device diagnostics action calls native.openDiagnostics,PASS
A32,v1.5.2 new additions/fixes,Source/UI/native contract,SUNMI printer check action calls native.checkPrinter,PASS
A33,v1.5.2 new additions/fixes,Source/UI/native contract,SUNMI reconnect action calls native.reconnectPrinter,PASS
A34,v1.5.2 new additions/fixes,Source/UI/native contract,Android connectivity screen exposes kitchen printer IP input,PASS
A35,v1.5.2 new additions/fixes,Source/UI/native contract,Android connectivity screen exposes numeric kitchen printer port,PASS
A36,v1.5.2 new additions/fixes,Source/UI/native contract,Android connectivity screen persists kitchen LAN settings,PASS
A37,v1.5.2 new additions/fixes,Source/UI/native contract,Android connectivity screen exposes kitchen test print/settings,PASS
A38,v1.5.2 new additions/fixes,Source/UI/native contract,Android connectivity screen exposes SUNMI diagnostics,PASS
A39,v1.5.2 new additions/fixes,Source/UI/native contract,Diagnostics activity binds SUNMI printer service,PASS
A40,v1.5.2 new additions/fixes,Source/UI/native contract,Diagnostics activity reads current printer state,PASS
A41,v1.5.2 new additions/fixes,Source/UI/native contract,native receipt bridge submits RECEIPT type,PASS
A42,v1.5.2 new additions/fixes,Source/UI/native contract,native kitchen bridge is separate LAN path,PASS
A43,v1.5.2 new additions/fixes,Source/UI/native contract,native daily report print bridge exists,PASS
A44,v1.5.2 new additions/fixes,API/D1 business simulation,customer order commit creates exactly one kitchen job immediately,PASS
A45,v1.5.2 new additions/fixes,API/D1 business simulation,unpaid order is visible in automatic kitchen queue,PASS
A46,v1.5.2 new additions/fixes,API/D1 business simulation,kitchen job can be claimed before payment,PASS
A47,v1.5.2 new additions/fixes,API/D1 business simulation,BANK payment does not create a second kitchen job,PASS
A48,v1.5.2 new additions/fixes,API/D1 business simulation,CASH payment does not create a second kitchen job,PASS
A49,v1.5.2 new additions/fixes,API/D1 business simulation,paid order disappears from automatic kitchen queue,PASS
A50,v1.5.2 new additions/fixes,API/D1 business simulation,stale PENDING kitchen job cannot be claimed after payment,PASS
A51,v1.5.2 new additions/fixes,API/D1 business simulation,stale paid kitchen job status cannot be advanced after payment,PASS
A52,v1.5.2 new additions/fixes,API/D1 business simulation,BANK payment finalizes order code with CK,PASS
A53,v1.5.2 new additions/fixes,API/D1 business simulation,CASH payment finalizes order code with TM,PASS
A54,v1.5.2 new additions/fixes,API/D1 business simulation,CASH payment records correct change,PASS
A55,v1.5.2 new additions/fixes,Source/UI/native contract,staff payment success invokes receipt bridge,PASS
A56,v1.5.2 new additions/fixes,Source/UI/native contract,staff payment success message states kitchen is not reprinted,PASS
A57,v1.5.2 new additions/fixes,Source/UI/native contract,paid kitchen card removes normal kitchen print action,PASS
A58,v1.5.2 new additions/fixes,APK artifact/static contract,APK embeds the exact v1.5.2 Staff UI asset,PASS
A59,v1.5.2 new additions/fixes,APK artifact/static contract,"APK DEX contains separate receipt, kitchen and owner hardware bridge methods",PASS
A60,v1.5.2 new additions/fixes,APK artifact/static contract,PHAT TAI Android package is isolated from offline handheld package,PASS
B01,Cross-UI business flow,API/D1 business simulation,catalog exposes exactly 13 active PHAT TAI menu items,PASS
B02,Cross-UI business flow,Source/UI/native contract,customer UI starts with table picker requirement,PASS
B03,Cross-UI business flow,API/D1 business simulation,valid T01 order is accepted,PASS
B04,Cross-UI business flow,API/D1 business simulation,valid T99 order is accepted at configured table limit,PASS
B05,Cross-UI business flow,API/D1 business simulation,table above configured limit is rejected,PASS
B06,Cross-UI business flow,API/D1 business simulation,malformed table is rejected,PASS
B07,Cross-UI business flow,API/D1 business simulation,TAKEAWAY order remains supported,PASS
B08,Cross-UI business flow,API/D1 business simulation,empty customer cart is rejected,PASS
B09,Cross-UI business flow,API/D1 business simulation,more than 30 cart lines are rejected,PASS
B10,Cross-UI business flow,API/D1 business simulation,quantity over 30 on one line is rejected,PASS
B11,Cross-UI business flow,API/D1 business simulation,total units over 60 are rejected,PASS
B12,Cross-UI business flow,API/D1 business simulation,invalid size option is rejected,PASS
B13,Cross-UI business flow,API/D1 business simulation,invalid spicy option is rejected,PASS
B14,Cross-UI business flow,API/D1 business simulation,inactive menu product cannot be ordered,PASS
B15,Cross-UI business flow,API/D1 business simulation,customer order is created UNPAID,PASS
B16,Cross-UI business flow,API/D1 business simulation,customer response never exposes bank payment QR,PASS
B17,Cross-UI business flow,API/D1 business simulation,customer order code is base format before payment,PASS
B18,Cross-UI business flow,API/D1 business simulation,same idempotency key returns same order without duplicate,PASS
B19,Cross-UI business flow,API/D1 business simulation,reusing idempotency key with different cart is rejected,PASS
B20,Cross-UI business flow,API/D1 business simulation,customer can read own order using order token,PASS
B21,Cross-UI business flow,API/D1 business simulation,wrong customer order token is denied,PASS
B22,Cross-UI business flow,API/D1 business simulation,customer can request staff service for an open order,PASS
B23,Cross-UI business flow,API/D1 business simulation,service request is idempotent while pending,PASS
B24,Cross-UI business flow,API/D1 business simulation,staff order list contains QR-created order,PASS
B25,Cross-UI business flow,API/D1 business simulation,"staff order detail contains table, items and total for reconciliation",PASS
B26,Cross-UI business flow,API/D1 business simulation,staff order detail exposes bank QR only to authenticated staff,PASS
B27,Cross-UI business flow,API/D1 business simulation,unauthenticated caller cannot access staff order detail,PASS
B28,Cross-UI business flow,API/D1 business simulation,cashier role can view orders,PASS
B29,Cross-UI business flow,API/D1 business simulation,kitchen role cannot confirm payment,PASS
B30,Cross-UI business flow,API/D1 business simulation,cashier can confirm CASH payment,PASS
B31,Cross-UI business flow,API/D1 business simulation,cash payment below total is rejected,PASS
B32,Cross-UI business flow,API/D1 business simulation,cash payment equal to total returns zero change,PASS
B33,Cross-UI business flow,API/D1 business simulation,cash payment above total calculates positive change,PASS
B34,Cross-UI business flow,API/D1 business simulation,BANK payment succeeds when bank configuration exists,PASS
B35,Cross-UI business flow,API/D1 business simulation,BANK payment is blocked when bank configuration is missing on order snapshot,PASS
B36,Cross-UI business flow,API/D1 business simulation,same order cannot be paid twice,PASS
B37,Cross-UI business flow,API/D1 business simulation,stale order version is rejected at payment,PASS
B38,Cross-UI business flow,API/D1 business simulation,customer cannot request service after order is paid,PASS
B39,Cross-UI business flow,API/D1 business simulation,kitchen queue exposes table and order code before payment,PASS
B40,Cross-UI business flow,API/D1 business simulation,kitchen job can transition CLAIMED -> SENT while unpaid,PASS
B41,Cross-UI business flow,API/D1 business simulation,invalid kitchen job status is rejected,PASS
B42,Cross-UI business flow,API/D1 business simulation,staff can append an item before payment,PASS
B43,Cross-UI business flow,API/D1 business simulation,append increments kitchen revision and produces one delta ticket,PASS
B44,Cross-UI business flow,API/D1 business simulation,staff can cancel one unit before payment with reason,PASS
B45,Cross-UI business flow,API/D1 business simulation,cancel-unit without reason is rejected,PASS
B46,Cross-UI business flow,API/D1 business simulation,staff can cancel entire unpaid order with reason,PASS
B47,Cross-UI business flow,API/D1 business simulation,cancelled order leaves automatic kitchen queue,PASS
B48,Cross-UI business flow,API/D1 business simulation,split bill conserves order total across two bills,PASS
B49,Cross-UI business flow,API/D1 business simulation,invalid split that does not allocate all units is rejected,PASS
B50,Cross-UI business flow,API/D1 business simulation,individual split bill can be paid CASH,PASS
B51,Cross-UI business flow,API/D1 business simulation,individual split bill can be paid BANK,PASS
B52,Cross-UI business flow,Source/UI/native contract,customer UI explicitly states payment is staff-handled,PASS
B53,Cross-UI business flow,Source/UI/native contract,customer UI contains no payment-reported API path,PASS
B54,Cross-UI business flow,Source/UI/native contract,customer UI order button copy says D1 + kitchen ticket immediately,PASS
B55,Cross-UI business flow,Source/UI/native contract,staff UI requires table/order reconciliation before payment stage,PASS
B56,Cross-UI business flow,Source/UI/native contract,staff UI exposes both CASH and BANK payment choices,PASS
B57,Cross-UI business flow,Source/UI/native contract,staff UI shows bank QR only during staff payment flow,PASS
B58,Cross-UI business flow,Source/UI/native contract,staff UI auto-polls kitchen jobs about every 3 seconds,PASS
B59,Cross-UI business flow,APK artifact/static contract,APK contains the live Staff UI used by business payment flow,PASS
B60,Cross-UI business flow,APK artifact/static contract,APK contains owner hardware/admin UI used during store operations,PASS
